{
  "lang":"nl",
  "name":"pipeline",
  "version":"0.0.0",
  "spacy_version":">=3.6.1,<3.7.0",
  "description":"",
  "author":"",
  "email":"",
  "url":"",
  "license":"",
  "spacy_git_version":"458bc5f45",
  "vectors":{
    "width":0,
    "vectors":0,
    "keys":0,
    "name":null,
    "mode":"default"
  },
  "labels":{
    "tok2vec":[

    ],
    "ner":[
      "BEDRAG",
      "LOC",
      "ORG",
      "PERSOON",
      "PROJECT",
      "SUB",
      "TIJD"
    ]
  },
  "pipeline":[
    "tok2vec",
    "ner"
  ],
  "components":[
    "tok2vec",
    "ner"
  ],
  "disabled":[

  ],
  "performance":{
    "ents_f":0.6105263158,
    "ents_p":0.6350364964,
    "ents_r":0.5878378378,
    "ents_per_type":{
      "SUB":{
        "p":0.5789473684,
        "r":0.5,
        "f":0.5365853659
      },
      "TIJD":{
        "p":0.6666666667,
        "r":0.5714285714,
        "f":0.6153846154
      },
      "PROJECT":{
        "p":0.5714285714,
        "r":0.3636363636,
        "f":0.4444444444
      },
      "ORG":{
        "p":0.6825396825,
        "r":0.671875,
        "f":0.6771653543
      },
      "LOC":{
        "p":0.2666666667,
        "r":0.3636363636,
        "f":0.3076923077
      },
      "BEDRAG":{
        "p":0.8095238095,
        "r":0.7391304348,
        "f":0.7727272727
      },
      "PERSOON":{
        "p":0.0,
        "r":0.0,
        "f":0.0
      }
    },
    "tok2vec_loss":417.950142352,
    "ner_loss":265.5193429567
  }
}