{
  "best_metric": null,
  "best_model_checkpoint": null,
  "epoch": 3.0,
  "eval_steps": 500,
  "global_step": 12,
  "is_hyper_param_search": false,
  "is_local_process_zero": true,
  "is_world_process_zero": true,
  "log_history": [
    {
      "epoch": 1.0,
      "eval_accuracy": 0.42857142857142855,
      "eval_f1": 0.2571428571428571,
      "eval_loss": 1.8601816892623901,
      "eval_precision": 0.18367346938775508,
      "eval_recall": 0.42857142857142855,
      "eval_runtime": 0.5947,
      "eval_samples_per_second": 11.771,
      "eval_steps_per_second": 1.682,
      "step": 4
    },
    {
      "epoch": 2.0,
      "eval_accuracy": 0.42857142857142855,
      "eval_f1": 0.2571428571428571,
      "eval_loss": 1.769882321357727,
      "eval_precision": 0.18367346938775508,
      "eval_recall": 0.42857142857142855,
      "eval_runtime": 0.5133,
      "eval_samples_per_second": 13.636,
      "eval_steps_per_second": 1.948,
      "step": 8
    },
    {
      "epoch": 2.5,
      "grad_norm": 6.006180286407471,
      "learning_rate": 3.3333333333333333e-06,
      "loss": 1.7497,
      "step": 10
    },
    {
      "epoch": 3.0,
      "eval_accuracy": 0.42857142857142855,
      "eval_f1": 0.2571428571428571,
      "eval_loss": 1.7494288682937622,
      "eval_precision": 0.18367346938775508,
      "eval_recall": 0.42857142857142855,
      "eval_runtime": 0.5049,
      "eval_samples_per_second": 13.863,
      "eval_steps_per_second": 1.98,
      "step": 12
    }
  ],
  "logging_steps": 10,
  "max_steps": 12,
  "num_input_tokens_seen": 0,
  "num_train_epochs": 3,
  "save_steps": 500,
  "stateful_callbacks": {
    "TrainerControl": {
      "args": {
        "should_epoch_stop": false,
        "should_evaluate": false,
        "should_log": false,
        "should_save": true,
        "should_training_stop": true
      },
      "attributes": {}
    }
  },
  "total_flos": 20523952171008.0,
  "train_batch_size": 8,
  "trial_name": null,
  "trial_params": null
}
