{
  "lang":"nl",
  "name":"pipeline",
  "version":"0.0.0",
  "spacy_version":">=3.6.1,<3.7.0",
  "description":"",
  "author":"",
  "email":"",
  "url":"",
  "license":"",
  "spacy_git_version":"458bc5f45",
  "vectors":{
    "width":0,
    "vectors":0,
    "keys":0,
    "name":null,
    "mode":"default"
  },
  "labels":{
    "tok2vec":[

    ],
    "ner":[
      "BEDRAG",
      "LOC",
      "ORG",
      "PERSOON",
      "PROJECT",
      "SUB",
      "TIJD"
    ]
  },
  "pipeline":[
    "tok2vec",
    "ner"
  ],
  "components":[
    "tok2vec",
    "ner"
  ],
  "disabled":[

  ],
  "performance":{
    "ents_f":0.56,
    "ents_p":0.6062992126,
    "ents_r":0.5202702703,
    "ents_per_type":{
      "SUB":{
        "p":0.4545454545,
        "r":0.4545454545,
        "f":0.4545454545
      },
      "TIJD":{
        "p":0.6666666667,
        "r":0.4285714286,
        "f":0.5217391304
      },
      "PROJECT":{
        "p":0.5714285714,
        "r":0.3636363636,
        "f":0.4444444444
      },
      "ORG":{
        "p":0.649122807,
        "r":0.578125,
        "f":0.6115702479
      },
      "LOC":{
        "p":0.3,
        "r":0.2727272727,
        "f":0.2857142857
      },
      "BEDRAG":{
        "p":0.7727272727,
        "r":0.7391304348,
        "f":0.7555555556
      },
      "PERSOON":{
        "p":0.0,
        "r":0.0,
        "f":0.0
      }
    },
    "tok2vec_loss":330.9963876967,
    "ner_loss":167.1913381286
  }
}